Conditioned_ΔG_Norm,Real_ΔG_Target,Generated_gRNA,Computed_MFE,Abs_Error_DG_vs_MFE,Mutation_Count,Hairpin
0.1,-46.23,UACUGAUGACGUAACGAGUCAUGACGUCGU,-45.3,0.93,2,CUGACUACAGCAUUGCUCAGUACUGCUGUAUUUUUUGCUGCAGUACUGAGCAAUGCAGUAGUCAU
0.2,-42.16,GACUGAGGACGUGGGGAGUCAUGACGACAU,-43.0,0.84,3,CUGACUACAGCAUUGCUCAGUACUGCUGUAUUUUUUACAGCAGUACUGAGGGGUGCAGGAGUCAG
0.3,-38.09,GACGGAUGAUGUGACGCGUAGUGACGGCAC,-30.2,7.89,7,CUGACUACAGCAUUGCUCAGUACUGCUGUAUUUUUCACGGCAGUGAUGCGCAGUGUAGUAGGCAG
0.4,-34.02,GAUUGAUGAUGCGAGGGGCGAUGAUGACGU,-29.3,4.72,9,CUGACUACAGCAUUGCUCAGUACUGCUGUAUUUUUUGCAGUAGUAGCGGGGAGCGUAGUAGUUAG
0.5,-29.95,GACGCACUACGCCACGUGUCCUGACGGCAU,-24.4,5.55,8,CUGACUACAGCAUUGCUCAGUACUGCUGUAUUUUUUACGGCAGUCCUGUGCACCGCAUCACGCAG
0.6,-25.88,GACGUGAUACGUGAUGGGCUGCGACGUAUG,-25.7,0.18,15,CUGACUACAGCAUUGCUCAGUACUGCUGUAUUUUUGUAUGCAGCGUCGGGUAGUGCAUAGUGCAG
0.7,-21.81,GGCUUGGUAGGUAAUGGGUCCCGGGCACAU,-21.8,0.01,12,CUGACUACAGCAUUGCUCAGUACUGCUGUAUUUUUUACACGGGCCCUGGGUAAUGGAUGGUUCGG
0.8,-17.74,GACGAAUCACGAUACGGGACGUGCGUGUUA,-17.7,0.04,14,CUGACUACAGCAUUGCUCAGUACUGCUGUAUUUUUAUUGUGCGUGCAGGGCAUAGCACUAAGCAG
0.9,-13.67,GUUUGCAAAGUCAUCGCGUUGCAGUAAACC,-13.7,0.03,19,CUGACUACAGCAUUGCUCAGUACUGCUGUAUUUUUCCAAAUGACGUUGCGCUACUGAAACGUUUG
