Conditioned_ΔG_Norm,Real_ΔG_Target,Generated_gRNA,Computed_MFE,Abs_Error_DG_vs_MFE
0.1,-46.23,GACCUAUGAGGUAAUGAGUCGUGGCUAGAU,-28.2,18.03
0.2,-42.16,CAUUGAUGACUCAACGACUAAUGCGUGUAU,-15.3,26.86
0.3,-38.09,GUCCAUUGACGUGAGAUGCCACCCGGACUU,-13.3,24.79
0.4,-34.02,GACCGCUGACGCGCCGGGGCUCGGCGACGA,-22.6,11.42
0.5,-29.95,GAAGGUUGACGCCCUCGGCGAACUAGAAAU,-15.8,14.15
0.6,-25.88,CAGCCUGCACUAAACCGGUGAUGCGAGACA,-12.6,13.28
0.7,-21.81,UAUAAGCAAGGUAUCGAGUAAAGACACAAU,-13.7,8.11
0.8,-17.74,GAGUCCCAACGUAAGGAAAUAGGUCGGGAU,-19.7,1.96
0.9,-13.67,CCGAACUCAUUCAAGGGGCAAUCACGUUCG,-13.0,0.67
